{"cameraMode":{"drawMode":0,"name":"Shaded","section":"Shading Mode"},"sceneLighting":false,"audioPlay":false,"sceneViewState":{"showFog":true,"showMaterialUpdate":true,"showSkybox":true,"showFlares":true,"showImageEffects":true,"showParticleSystems":true},"in2DMode":false,"pivot":{"x":-0.06833863258361817,"y":1.1814496517181397,"z":0.38444089889526369},"rotation":{"x":0.3383490741252899,"y":-0.02687094919383526,"z":0.009540396742522717,"w":0.9406871199607849},"size":9.395894050598145,"orthographic":false}