{"cameraMode":{"drawMode":0,"name":"Shaded","section":"Shading Mode"},"sceneLighting":false,"audioPlay":false,"sceneViewState":{"showFog":true,"showMaterialUpdate":true,"showSkybox":true,"showFlares":true,"showImageEffects":true,"showParticleSystems":true},"in2DMode":false,"pivot":{"x":-53.044246673583987,"y":224.1685791015625,"z":103.80854034423828},"rotation":{"x":0.15333132445812226,"y":0.7732982039451599,"z":-0.204314723610878,"w":0.5803359746932983},"size":22.0,"orthographic":false}