{"cameraMode":{"drawMode":0,"name":"Shaded","section":"Shading Mode"},"sceneLighting":true,"audioPlay":false,"sceneViewState":{"showFog":true,"showMaterialUpdate":true,"showSkybox":true,"showFlares":true,"showImageEffects":true,"showParticleSystems":true},"in2DMode":false,"pivot":{"x":176.2802734375,"y":5.6779022216796879,"z":693.9197998046875},"rotation":{"x":0.06875515729188919,"y":0.577867329120636,"z":0.049141108989715579,"w":-0.8118699789047241},"size":4.8780622482299809,"orthographic":false}