{"cameraMode":{"drawMode":0,"name":"Shaded","section":"Shading Mode"},"sceneLighting":true,"audioPlay":false,"sceneViewState":{"showFog":true,"showMaterialUpdate":true,"showSkybox":true,"showFlares":true,"showImageEffects":true,"showParticleSystems":true},"in2DMode":false,"pivot":{"x":128.06654357910157,"y":1.344573974609375,"z":41.858001708984378},"rotation":{"x":-0.13288453221321107,"y":0.08705654740333557,"z":-0.011565781198441983,"w":-0.9873473048210144},"size":125.06147003173828,"orthographic":false}