{"cameraMode":{"drawMode":0,"name":"Shaded","section":"Shading Mode"},"sceneLighting":false,"audioPlay":false,"sceneViewState":{"showFog":true,"showMaterialUpdate":true,"showSkybox":true,"showFlares":true,"showImageEffects":true,"showParticleSystems":true},"in2DMode":false,"pivot":{"x":-3.748757839202881,"y":0.2674364149570465,"z":1.0856646299362183},"rotation":{"x":-0.04478460177779198,"y":0.21909275650978089,"z":-0.009989491663873196,"w":-0.9747236371040344},"size":3.0000569820404054,"orthographic":false}